{
  "args_data": null,
  "exp_name": "experiment_2020_09_03_20_45_18_734040_\u00b4\u00eb\u00c7\u00d1\u00b9\u00ce\u00b1\u00b9 \u00c7\u00a5\u00c1\u00d8\u00bd\u00c3_7375a",
  "log_dir": null,
  "log_tabular_only": false,
  "n_parallel": 1,
  "params_log_file": "params.json",
  "plot": false,
  "resume_from": null,
  "seed": null,
  "snapshot_gap": 1,
  "snapshot_mode": "all",
  "tabular_log_file": "progress.csv",
  "text_log_file": "debug.log",
  "use_cloudpickle": false,
  "variant_data": null,
  "variant_log_file": "variant.json"
}